Series Name,Series Code,Country Name,Country Code,1990 [YR1990],2000 [YR2000],2014 [YR2014],2015 [YR2015],2016 [YR2016],2017 [YR2017],2018 [YR2018],2019 [YR2019],2020 [YR2020],2021 [YR2021],2022 [YR2022],2023 [YR2023]
GDP growth (annual %),NY.GDP.MKTP.KD.ZG,Afghanistan,AFG,..,..,2.72454336219565,1.45131466066431,2.26031420279821,2.6470032027451,1.18922812944517,3.91160341625552,-2.35110067203466,-20.7388393676343,-6.24017199240269,..
GDP growth (annual %),NY.GDP.MKTP.KD.ZG,Albania,ALB,-9.57564016993415,6.94621659244254,1.77444885260394,2.21872637517804,3.31498068384137,3.80259872019053,4.01934561695576,2.08771199649604,-3.30208203862541,8.90852781831182,4.85640165227306,3.43914949919611
GDP growth (annual %),NY.GDP.MKTP.KD.ZG,Algeria,DZA,0.800000580172025,3.80000000133005,4.10000000035542,3.19999999974922,3.89999999992476,1.5000000001012,1.40000000013293,0.89999999991042,-5,3.8,3.60000000017391,4.10000000000679
GDP growth (annual %),NY.GDP.MKTP.KD.ZG,American Samoa,ASM,..,..,1.76282051282051,3.14960629921259,-1.67938931297709,-6.98757763975155,2.6711185308848,-0.487804878048777,4.41176470588236,-0.782472613458523,1.73501577287065,..
GDP growth (annual %),NY.GDP.MKTP.KD.ZG,Andorra,AND,3.78138758571333,3.52836236122388,2.50446552114518,1.43414039522716,3.70967806978986,0.346071889630295,1.58876549046354,2.01554763848308,-11.1839399355384,8.28719978108489,9.56379752740844,1.44418423106947
GDP growth (annual %),NY.GDP.MKTP.KD.ZG,Angola,AGO,-3.45009868500253,3.05462423430785,4.82255926962156,0.943571561325001,-2.5801112218828,-0.147149825449205,-1.31636168896895,-0.702272957616017,-5.63821471714934,1.19921052145153,3.04540300954928,0.856000934845724
GDP growth (annual %),NY.GDP.MKTP.KD.ZG,Antigua and Barbuda,ATG,3.01131852927168,6.20349167681688,2.21145251322996,1.44515529873077,4.09976553877765,2.46333336590416,6.95318609219737,3.10044514982847,-18.8803992026325,8.1917184618173,9.51639564359461,3.86201218730389
GDP growth (annual %),NY.GDP.MKTP.KD.ZG,Argentina,ARG,-2.46721377810472,-0.78899893905691,-2.51261532081394,2.73115982828944,-2.08032784377811,2.81850297775918,-2.61739646282038,-2.00086100285785,-9.9004848136464,10.7180099337095,4.95636996008236,-1.55050153620256
GDP growth (annual %),NY.GDP.MKTP.KD.ZG,Armenia,ARM,..,5.90000000312092,3.60000000058993,3.19999999896625,0.199999999825991,7.50000000164144,5.19999999965324,7.59999999853918,-7.19999999920631,5.80000000065645,12.5999999997766,8.7
GDP growth (annual %),NY.GDP.MKTP.KD.ZG,Aruba,ABW,3.96140172676478,7.62292064930222,-1.58657513817235,-0.623625902371245,1.71962497989442,7.04853338603499,2.38173018636276,-2.3028363027198,-23.9825809597131,27.6393569688502,10.45831735343,..
GDP growth (annual %),NY.GDP.MKTP.KD.ZG,Australia,AUS,3.57912304997303,3.92151782931303,2.60740103188527,2.20181015336807,2.77914262537222,2.31870938698817,2.90636311509867,2.1811091061096,-0.33468635945016,2.11183088925151,4.26894639349867,3.01698810357014
GDP growth (annual %),NY.GDP.MKTP.KD.ZG,Austria,AUT,4.34564139947821,3.37572214708477,0.661272848852605,1.01450158590511,1.98943716230463,2.25857243250671,2.42538536088061,1.45052918393192,-6.63299143662553,4.23786673253257,4.80643020178459,-0.828815088963225
GDP growth (annual %),NY.GDP.MKTP.KD.ZG,Azerbaijan,AZE,..,11.0999991434346,2.75050681535518,1.09397591627469,-3.09999988037266,0.199999938958655,1.49999999999999,2.50000006743734,-4.30000010230737,5.61645102853028,4.71480236521231,1.12397432709641
GDP growth (annual %),NY.GDP.MKTP.KD.ZG,"Bahamas, The",BHS,-1.59624908707553,4.14841930754267,1.84726084348846,0.996758610594114,-0.961908776858536,2.79951863934495,2.62988985993933,-1.35726520928898,-21.4234630658488,15.4031489427848,10.7820132001503,2.63905598075102
GDP growth (annual %),NY.GDP.MKTP.KD.ZG,Bahrain,BHR,4.43799717642639,5.30007005600883,4.35039085252969,2.86304730414378,3.47351657476945,3.8117061903064,2.28945960664879,2.1669646688237,-4.64463735878491,2.59040783827855,4.89150020694356,2.48146533907759
GDP growth (annual %),NY.GDP.MKTP.KD.ZG,Bangladesh,BGD,5.62225816160704,5.29329471892532,6.0610593588495,6.55263987816197,7.11347821270093,6.59024999794057,7.31941263014136,7.88191515117722,3.44801755122445,6.93867912442445,7.09982877575158,5.77511237007889
GDP growth (annual %),NY.GDP.MKTP.KD.ZG,Barbados,BRB,-3.30759330759331,4.44718962322422,-0.0582879004407744,2.42392540824112,2.55267799311693,0.514753125831376,-0.746352496702428,0.379893732533731,-12.5396664134407,-1.18319712008605,13.4808615694709,4.51648965902731
GDP growth (annual %),NY.GDP.MKTP.KD.ZG,Belarus,BLR,..,5.80000336082973,1.7262099894002,-3.82966307070085,-2.52583140897062,2.53162368036521,3.14963949909348,1.44620667102681,-0.672904125264921,2.43886608142535,-4.65824489149375,3.88624214456901
GDP growth (annual %),NY.GDP.MKTP.KD.ZG,Belgium,BEL,3.13740231557445,3.71667938420875,1.57853314322614,2.04145900919961,1.26668640902095,1.6195802783878,1.79294519302076,2.24083533103139,-5.30447336526071,6.92798360287613,3.01472197492703,1.36505523054922
GDP growth (annual %),NY.GDP.MKTP.KD.ZG,Belize,BLZ,9.47465201669158,12.2406140290649,4.00531831673186,3.22549309143569,-0.0110344145780772,-1.81336514835535,1.05559823069711,4.23623453555723,-13.7316910831405,17.8624478393742,8.73431143782066,4.5416322077583
GDP growth (annual %),NY.GDP.MKTP.KD.ZG,Benin,BEN,8.9761343599898,5.85771420543269,6.35767909791932,1.77815106030278,3.33967342629693,5.67156195150444,6.69725362180888,6.86568662848335,3.84879240030133,7.1554516457574,6.25324491401346,6.35282160914288
GDP growth (annual %),NY.GDP.MKTP.KD.ZG,Bermuda,BMU,0.0192122971144499,9.31715641086083,-3.70106759364258,0.775529699568978,-0.657206304259205,3.61141983706115,-0.432801300339307,0.306266735233933,-6.84286964270544,5.41909484048358,6.43113399633694,..
GDP growth (annual %),NY.GDP.MKTP.KD.ZG,Bhutan,BTN,10.3831179150235,3.35506830487249,5.71786561190564,6.56845431717086,8.40055375505406,3.50756740346327,3.50187185732737,5.75514851246506,-10.2183974208569,4.42136738945015,5.21386783786224,..
GDP growth (annual %),NY.GDP.MKTP.KD.ZG,Bolivia,BOL,4.6357874278518,2.50781080899483,5.46056950635136,4.85718717971413,4.26392086382113,4.19520633360395,4.22362365271844,2.21670563961031,-8.7378843576993,6.11137269714146,3.60568042633635,2.44347191830776
GDP growth (annual %),NY.GDP.MKTP.KD.ZG,Bosnia and Herzegovina,BIH,..,5.41431594987489,1.15385109200403,4.31475061116335,3.24225521171914,3.24410095889466,3.82749920546897,2.88734334414875,-3.01509514759861,7.38996234012757,4.22681101095546,1.6762234691309
GDP growth (annual %),NY.GDP.MKTP.KD.ZG,Botswana,BWA,6.77282194938265,1.98769583378552,5.69477738185952,-4.85133564036167,7.20442475914267,4.1143636634186,4.18809355373698,3.0322025744566,-8.72875252639037,11.9206365085117,5.48602817797183,2.73091904554352
GDP growth (annual %),NY.GDP.MKTP.KD.ZG,Brazil,BRA,-4.35000000000022,4.38794944745618,0.503955740242247,-3.54576339269425,-3.27591690782192,1.32286905404399,1.783666761634,1.22077782360842,-3.2767587964736,4.76260437908608,3.01669435393015,2.90848048667777
GDP growth (annual %),NY.GDP.MKTP.KD.ZG,British Virgin Islands,VGB,..,..,..,..,..,..,..,..,..,..,..,..
GDP growth (annual %),NY.GDP.MKTP.KD.ZG,Brunei Darussalam,BRN,1.08942053548758,2.84942185782727,-2.50835256644561,-0.392383749502031,-2.47791771833224,1.32860255161715,0.0522377907767719,3.86910986506845,1.1335733495246,-1.59076260099606,-1.62833154515108,1.40706822925519
GDP growth (annual %),NY.GDP.MKTP.KD.ZG,Bulgaria,BGR,-9.11737709565385,4.58722685869408,0.949448520821818,3.39755387590648,3.02662839224124,2.74592725876734,2.69490655338835,4.03518894662498,-3.96615613627334,7.6617480742932,3.92643222124569,1.84638956019879
GDP growth (annual %),NY.GDP.MKTP.KD.ZG,Burkina Faso,BFA,-0.602928477580988,1.88847388906525,4.32684561452976,3.9212287937935,5.95797670754024,6.20348941121868,6.60456906812341,5.8892049704591,2.01077262411845,6.93915524675779,1.77791543778547,2.96018001322078
GDP growth (annual %),NY.GDP.MKTP.KD.ZG,Burundi,BDI,3.49982213611253,-0.856864058424151,4.24065021402657,-3.9000000804855,-0.600000909116389,0.500001262429279,1.60993542127714,1.81256532401552,0.327156892638385,3.09999999870627,1.84899943948213,2.70000059705133
GDP growth (annual %),NY.GDP.MKTP.KD.ZG,Cabo Verde,CPV,0.692171874341298,14.2848688450919,0.696666840118581,0.936026507808833,4.28071482662371,4.5513148102974,3.70696460651756,6.94782632492097,-20.8052759150896,7.03353010325927,17.439079439153,5.14913485822454
GDP growth (annual %),NY.GDP.MKTP.KD.ZG,Cambodia,KHM,1.16231184839386,9.99358032294613,7.14257110024776,6.96579781650981,6.93331397162559,6.99690369958998,7.46916920803093,7.05410693152042,-3.09600673131888,3.0263893638939,5.2398102893046,5.39999999995442
GDP growth (annual %),NY.GDP.MKTP.KD.ZG,Cameroon,CMR,-6.10569764600656,3.83241779430614,5.71981814509198,5.66695298703932,4.53579423678801,3.54117654926007,3.95551423892049,3.47505998194981,0.259932915907115,3.33885747179505,3.58279631926052,3.99338950938622
GDP growth (annual %),NY.GDP.MKTP.KD.ZG,Canada,CAN,0.2029478627489,5.13853918593026,2.87346677184995,0.649970993709132,1.03855093491798,3.03383490260789,2.74296343112555,1.9084319253883,-5.03823344128351,5.28695689105889,3.81986633913397,1.06599445256434
GDP growth (annual %),NY.GDP.MKTP.KD.ZG,Cayman Islands,CYM,..,..,2.65452932151371,2.83312242670048,3.23997361448569,3.18404730726789,4.26726567162505,3.91563637725301,-4.95480732200573,4.90492954210123,5.15632991974057,..
GDP growth (annual %),NY.GDP.MKTP.KD.ZG,Central African Republic,CAF,-2.14752806574087,-2.48943244028874,0.0810705153264877,4.33712103020231,4.75031684122342,4.52727821346231,3.78944359275462,3.09999999999999,0.899999996857062,0.982919996264229,0.502110003427035,0.870251450842758
GDP growth (annual %),NY.GDP.MKTP.KD.ZG,Chad,TCD,-4.17847237277677,-0.879681025444839,6.89998504532166,2.76767568484473,-6.25552708545281,-2.98869598553931,2.37403780037786,3.24718191743429,-1.60000673705524,-1.16918700397552,2.80434074839411,4.12231962001739
GDP growth (annual %),NY.GDP.MKTP.KD.ZG,Channel Islands,CHI,..,..,..,..,..,2.57442418152031,2.06644673893601,2.3607446539344,-8.46759731706375,15.455211303251,7.80517874537352,..
GDP growth (annual %),NY.GDP.MKTP.KD.ZG,Chile,CHL,3.33356547444561,4.9716214885003,1.79264947361806,2.15194249853634,1.75303874553305,1.35769537797211,3.99002947521676,0.634367533828438,-6.14347479224092,11.3339570691911,2.05874008095333,0.218780666901552
GDP growth (annual %),NY.GDP.MKTP.KD.ZG,China,CHN,3.92025136776577,8.49009340597647,7.42576365632412,7.04132887873656,6.84876220495761,6.94720079331685,6.7497738324959,5.95050075367413,2.23863835634639,8.44846941687277,2.98908408613474,5.19999999987174
GDP growth (annual %),NY.GDP.MKTP.KD.ZG,Colombia,COL,4.28199833053058,2.92486148176778,4.49903000110972,2.95590137527523,2.08738250162794,1.35936086788746,2.56432428277704,3.18685539245533,-7.18591413760859,10.8011981904878,7.2888838865514,0.612181322079849
GDP growth (annual %),NY.GDP.MKTP.KD.ZG,Comoros,COM,5.09123641339696,10.847878616072,2.10665758942474,1.14735076108914,3.32044656240026,3.81576287682401,3.6424511379732,1.76078023923176,-0.195556827149787,2.11219557695527,2.38767848524202,2.70109357862837
GDP growth (annual %),NY.GDP.MKTP.KD.ZG,"Congo, Dem. Rep.",COD,-6.56831069464246,-6.91092731652101,9.4702880993101,6.91616711922561,2.39939891133452,3.7269476588301,5.82112109969025,4.38452887429834,1.73542276681493,6.20015401075946,8.92444762563109,8.56086250908719
GDP growth (annual %),NY.GDP.MKTP.KD.ZG,"Congo, Rep.",COG,1.00000356627487,7.5759803952642,6.64606540928447,0.415193061293763,-8.68524343913786,-5.59477371915547,-2.30431780125842,1.12447707363883,-6.26777799581888,1.01507337977299,1.47535613247133,1.90686426346754
GDP growth (annual %),NY.GDP.MKTP.KD.ZG,Costa Rica,CRI,3.55306336572285,3.86871809125479,3.54210987593986,3.65208096806472,4.20432325432709,4.15769896239459,2.61590440285156,2.41751181706449,-4.27335432054194,7.9357622471191,4.55149177958398,5.11192183224598
GDP growth (annual %),NY.GDP.MKTP.KD.ZG,Cote d'Ivoire,CIV,-1.09590841238308,-0.265789462275947,9.37199994240375,7.19494942728191,7.17275963956332,7.41076242584926,4.84314605898469,6.72137167595899,0.699728593256083,7.06332910217667,6.2178509127107,6.53593302046529
GDP growth (annual %),NY.GDP.MKTP.KD.ZG,Croatia,HRV,..,2.95627461433136,-0.341682629892162,2.54912963456138,3.6491975253731,3.36480330584141,2.98337691293294,3.44274248042554,-8.52043813391506,13.0411434856638,7.02722588804099,3.06087128780983
GDP growth (annual %),NY.GDP.MKTP.KD.ZG,Cuba,CUB,-2.94856494503388,5.91476001879718,1.04757663187654,4.4383335888395,0.512843095700745,1.80979177212284,2.24794854086232,-0.163087223606624,-10.9490846048862,1.25369342501311,1.77485399483382,..
GDP growth (annual %),NY.GDP.MKTP.KD.ZG,Curacao,CUW,..,..,-0.637397373327133,0.458151544160046,-1.06770848655277,-1.2762081008495,-2.10411133101029,-3.20613230348162,-18.0384576815908,4.2,7.89999999999999,..
GDP growth (annual %),NY.GDP.MKTP.KD.ZG,Cyprus,CYP,7.40399950659013,5.96531031488554,-1.77606191187711,3.41892318781653,6.57358020185954,5.73347613913472,5.647664895964,5.53725481070528,-3.44359637887621,9.91131179221449,5.05812800841309,2.46693496487094
GDP growth (annual %),NY.GDP.MKTP.KD.ZG,Czechia,CZE,..,4.00102863502944,2.26210289708078,5.38838083815307,2.5372845203138,5.16872430413071,3.22008806955105,3.02987866345279,-5.50296796125089,3.55302130899085,2.35100353961535,-0.311479452106369
GDP growth (annual %),NY.GDP.MKTP.KD.ZG,Denmark,DNK,1.4752442765041,3.74686259540198,1.61939381103033,2.34259110757047,3.24595698524396,2.82173634129026,1.98953731496432,1.49348695853648,-2.42451267861938,6.84452190183443,2.73117445421431,1.88961038591202
GDP growth (annual %),NY.GDP.MKTP.KD.ZG,Djibouti,DJI,..,..,7.06154324233921,7.52610891881017,7.1234323372872,5.458091517212,4.7744168883374,5.5451305999467,1.31636324158444,4.52234774643702,3.72857647005031,6.67664964361434
GDP growth (annual %),NY.GDP.MKTP.KD.ZG,Dominica,DMA,5.41798356640612,2.3402193206939,4.75378658076897,-2.73150306271826,2.76364798170461,-6.61899463280534,3.54758441831531,5.5024834367041,-16.6041095231221,6.8905494167316,5.58354626264079,4.71223818531963
GDP growth (annual %),NY.GDP.MKTP.KD.ZG,Dominican Republic,DOM,-5.45431239511258,4.6617622800146,7.05046368965911,6.9270187716221,6.65920026269582,4.66670467732366,6.98252758458058,5.05216802016253,-6.72023937283404,12.2719902347896,4.85832403582451,2.36061568723294
GDP growth (annual %),NY.GDP.MKTP.KD.ZG,Ecuador,ECU,3.67991405278418,1.0918015643576,4.22606520388456,0.119692109287612,-0.687954245877947,5.97039880954841,1.044295546927,0.165403532646692,-9.24509637743429,9.818417748417,6.18613907258741,2.35521790742197
GDP growth (annual %),NY.GDP.MKTP.KD.ZG,"Egypt, Arab Rep.",EGY,5.66702915715834,6.37000382991766,2.91591188052836,4.37201907781687,4.34664345601914,4.18122099961562,5.33110861887155,5.55209307084222,3.550164838581,3.29064601202211,6.58784560886967,3.75900541919032
GDP growth (annual %),NY.GDP.MKTP.KD.ZG,El Salvador,SLV,4.83290057793786,1.12790697674419,1.7293998423459,2.40000008852115,2.53906241135864,2.24761908134138,2.4124442237792,2.43747159065784,-7.893101359867,11.9047617015957,2.79955216943868,3.51097706608982
GDP growth (annual %),NY.GDP.MKTP.KD.ZG,Equatorial Guinea,GNQ,-1.75856408496443,18.2137799569674,0.415066301596866,-9.11004114881537,-8.81641723219757,-5.66750850486686,-6.23654406734575,-5.48182537893445,-4.79108083383294,0.860269956382069,3.71601059354751,-5.69158346431034
GDP growth (annual %),NY.GDP.MKTP.KD.ZG,Eritrea,ERI,..,-3.14198590251638,..,..,..,..,..,..,..,..,..,..
GDP growth (annual %),NY.GDP.MKTP.KD.ZG,Estonia,EST,..,10.0876344406951,3.01136658651455,1.85302004629342,3.15556481438308,5.79204467466494,3.78420084952826,4.03368839094283,-0.965410617081545,7.2493263542448,-0.461002668410416,-3.00559012612986
GDP growth (annual %),NY.GDP.MKTP.KD.ZG,Eswatini,SWZ,21.0180005361395,1.76017376022224,0.923230547144357,2.22748067532406,1.06261019342853,2.0265781557498,2.38009549534866,2.69216827271678,-1.55964258999499,10.6836938787079,0.475769339744119,4.84232085252165
GDP growth (annual %),NY.GDP.MKTP.KD.ZG,Ethiopia,ETH,2.72645178272658,6.07321747957957,10.2574929610051,10.3924630202334,9.43348265784402,9.56418964295607,6.81614779681703,8.3640856990789,6.05953088643369,5.64153071734657,5.32117628383672,6.49813464238613
GDP growth (annual %),NY.GDP.MKTP.KD.ZG,Faroe Islands,FRO,..,..,5.43270135720174,0.976378534447207,1.46991580449082,3.51430597113571,2.73155215546514,4.39010333975558,-1.92683441672665,5.75555052732079,5.39848038908718,..
GDP growth (annual %),NY.GDP.MKTP.KD.ZG,Fiji,FJI,5.80000271982991,-1.69999841605511,5.60351440618308,4.50120041028764,2.44565179664174,5.35336455965106,3.81235122208518,-0.580504494558028,-17.0398708371883,-4.88103619598493,20.0164641552219,8.02640862453754
GDP growth (annual %),NY.GDP.MKTP.KD.ZG,Finland,FIN,0.670275844289762,5.7733624584817,-0.364908156882066,0.543659211765487,2.81145776663433,3.19240962968416,1.1397180134305,1.22474892206223,-2.35496515679442,2.83817960418034,1.33546730512326,-1.03537569285423
GDP growth (annual %),NY.GDP.MKTP.KD.ZG,France,FRA,2.92393508123074,3.92366922704063,0.956183052371557,1.1129123405747,1.09546440372048,2.29141999417021,1.86506607081999,1.84297181445896,-7.54045916249407,6.43520962104938,2.45475817660707,0.703718546620237
GDP growth (annual %),NY.GDP.MKTP.KD.ZG,French Polynesia,PYF,0.129883207320105,3.24541101308193,0.593554452942286,1.66510563013841,2.3696444471055,4.37450238290198,1.83202822787646,2.69993449863051,-7.05099065433484,2.09478896837454,4.46607459000271,..
GDP growth (annual %),NY.GDP.MKTP.KD.ZG,Gabon,GAB,5.19223727652398,-1.88296639760897,4.31496444107469,3.8788993950789,2.09144220829562,0.472642030911146,0.83791658082157,3.92080879452831,-1.8377610635094,1.46795731508091,2.96774164377373,2.26323208768638
GDP growth (annual %),NY.GDP.MKTP.KD.ZG,"Gambia, The",GMB,3.55887936756983,5.50000021632955,-1.40738249510954,4.0580738039996,1.94335965478776,4.8226112492757,7.23489033258579,6.22205315994859,0.591487287873974,5.25596879353259,4.91782130902605,5.29599663840045
GDP growth (annual %),NY.GDP.MKTP.KD.ZG,Georgia,GEO,-14.788785046729,1.84038117927339,4.09049059581743,3.35102350265353,3.45021517996871,5.15990261658827,6.062036412677,5.38071926589951,-6.2904717853839,10.6442336580969,10.9585321385624,7.47447909383303
GDP growth (annual %),NY.GDP.MKTP.KD.ZG,Germany,DEU,5.25500608278013,2.91250296366708,2.20954343134872,1.49193152760772,2.22999986782015,2.68023111405891,0.981232606004738,1.07547163576423,-3.82676871619293,3.16381994194575,1.80620896724351,-0.304934575740816
GDP growth (annual %),NY.GDP.MKTP.KD.ZG,Ghana,GHA,3.32881788321653,3.70000008164408,2.85624016330883,2.12075933817334,3.37346574966936,8.12889488100956,6.20007768127284,6.5077747939152,0.513941670628171,5.07646643533542,3.81750462109567,2.94478583082221
GDP growth (annual %),NY.GDP.MKTP.KD.ZG,Gibraltar,GIB,..,..,..,..,..,..,..,..,..,..,..,..
GDP growth (annual %),NY.GDP.MKTP.KD.ZG,Greece,GRC,0,3.91977052993795,0.475695947137041,-0.196087629724133,-0.487173294301954,1.09214912017283,1.66842863602514,1.87948998590817,-9.31643576478743,8.37994378358083,5.55728707963308,2.01152094343999
GDP growth (annual %),NY.GDP.MKTP.KD.ZG,Greenland,GRL,-11.7195329841585,7.10159688181619,4.7421356730152,-2.52931802394475,4.68195410972302,0.0527281828800312,0.62306542854094,2.83217756798683,0.187608793759281,1.29021048770599,..,..
GDP growth (annual %),NY.GDP.MKTP.KD.ZG,Grenada,GRD,4.012611897778,4.88795213650562,7.34212396037948,6.44522314693144,3.7396039558691,4.43867566948151,4.36144039364797,0.676511738873756,-13.7566222572107,4.68747816934534,7.32074061551874,4.80928689883935
GDP growth (annual %),NY.GDP.MKTP.KD.ZG,Guam,GUM,..,..,1.79305192379529,0.825688073394488,0.18198362147406,0.890099909173486,-0.828231904933389,2.52360203340596,-10.5188595714539,2.0581832574708,5.09986426216793,..
GDP growth (annual %),NY.GDP.MKTP.KD.ZG,Guatemala,GTM,3.10256317557587,3.6088687174876,4.44397758285268,4.09217081621244,2.67780255532826,3.07985149125689,3.40687339997949,4.0178979343828,-1.79185769458479,8.0024080363912,4.11800416923388,3.48448472740903
GDP growth (annual %),NY.GDP.MKTP.KD.ZG,Guinea,GIN,4.3240627548313,2.50306056299607,3.69655311729832,3.82591056947008,10.8206271965239,10.3000053426788,6.35849192650272,5.61691446969918,4.92026637152216,3.90000000048747,4.69999999984769,7.06196002940651
GDP growth (annual %),NY.GDP.MKTP.KD.ZG,Guinea-Bissau,GNB,6.09999998640154,1.10027814955129,0.964525747030635,6.13408935472681,5.30659633085426,4.78899162146706,3.76145359456295,4.50009293739862,1.50000000000006,6.39995262427662,4.19999023152431,4.24828229733396
GDP growth (annual %),NY.GDP.MKTP.KD.ZG,Guyana,GUY,-3.06748466406728,-1.36380390261873,1.68649445019584,0.687404590619494,3.80745626378814,3.73449154571284,4.44091288475967,5.35284003535665,43.479651716849,20.0075297334354,63.4398643665041,33.0168829873529
GDP growth (annual %),NY.GDP.MKTP.KD.ZG,Haiti,HTI,1.03812280198248,0.870059259424892,2.88877250863379,1.40000000859727,1.81246807847532,2.51027134544685,1.66781095484656,-1.72309699839232,-3.30550546965893,-1.79823988931486,-1.68198396897978,-1.86388420254838
GDP growth (annual %),NY.GDP.MKTP.KD.ZG,Honduras,HND,2.7917489495977,7.29128815869618,3.0580805621437,3.84007997093951,3.89297219726413,4.84291391050387,3.84499476966735,2.55963434592314,-8.96508223267296,12.5652843771279,4.14356194013767,3.58260362632656
GDP growth (annual %),NY.GDP.MKTP.KD.ZG,"Hong Kong SAR, China",HKG,3.83051898239977,7.6634406887425,2.76237449357055,2.38783888125143,2.17541170539882,3.79609070564942,2.84691154561109,-1.67242651924354,-6.54477867707153,6.454396778722,-3.68075292201146,3.21505497011667
GDP growth (annual %),NY.GDP.MKTP.KD.ZG,Hungary,HUN,-3.49665976181716,4.47919473197571,4.23220980614269,3.7073159793626,2.20100189293856,4.27197601620695,5.36234836176223,4.86422573511891,-4.48704604765308,7.06122060972912,4.58340767295068,-0.907685956140242
GDP growth (annual %),NY.GDP.MKTP.KD.ZG,Iceland,ISL,1.16937033489131,4.98504277020335,1.68721501750642,4.43666371937172,6.30368710650176,4.19494882908376,4.88917299486545,1.86117794293874,-6.94045309489034,5.1487154178929,8.88130774528271,4.06379899045474
GDP growth (annual %),NY.GDP.MKTP.KD.ZG,India,IND,5.53345456125301,3.84099115659129,7.41022760516408,7.99625378566586,8.25630550178155,6.79538341898569,6.4538513449766,3.87143694070957,-5.77772470687434,9.68959249191211,6.98703932576051,7.58397112433558
GDP growth (annual %),NY.GDP.MKTP.KD.ZG,Indonesia,IDN,7.22433460076046,4.92006774777576,5.006668425755,4.87632230022123,5.03306918280177,5.06978590134916,5.17429153955024,5.01928768046282,-2.06551182934165,3.70288562827751,5.30741934775764,5.04810577067288
GDP growth (annual %),NY.GDP.MKTP.KD.ZG,"Iran, Islamic Rep.",IRN,13.5949264435839,5.84552747587396,4.98477506709494,-1.42488493937491,8.8150866425182,2.75850524578875,-1.83800757093036,-3.0705879849703,3.33028845926594,4.71977773157164,3.77663140152906,4.9521631690814
GDP growth (annual %),NY.GDP.MKTP.KD.ZG,Iraq,IRQ,57.8178283438571,16.9216656903831,0.197016710359037,4.72286401884131,13.7873730187089,-1.81975035118309,2.63385099105624,5.51379057418826,-12.0367930920856,1.50218070952037,7.63981140220797,-2.93555773971221
GDP growth (annual %),NY.GDP.MKTP.KD.ZG,Ireland,IRL,8.46652778177712,9.40352467698926,8.828998727303,24.4752533362377,1.76555687937534,9.31125930624903,8.47029545192876,5.2977280259237,6.61719466830968,15.1252197949572,9.43302211023355,-3.1987859599287
GDP growth (annual %),NY.GDP.MKTP.KD.ZG,Isle of Man,IMN,4.18697682185547,5.30000152552805,5.15509984989137,-0.385867273954958,6.95230365740586,2.83775741504488,2.21339675044368,0.254878786117672,-8.8368174000649,3.83783666558899,..,..
GDP growth (annual %),NY.GDP.MKTP.KD.ZG,Israel,ISR,7.31519905105782,8.67165527699174,3.91912689280952,2.48582628898106,4.52168030880658,4.27659595115593,4.0703218874397,4.15613798897733,-1.85728927811242,8.61199034846989,6.83288663572093,1.99703998799328
GDP growth (annual %),NY.GDP.MKTP.KD.ZG,Italy,ITA,1.98577494287171,3.78695514323979,-0.00454754236383792,0.778304350716581,1.29346273155907,1.66785904106857,0.925810941012742,0.483198316597154,-8.97419212060699,8.3102399077017,3.98589744251659,0.920692213760276
GDP growth (annual %),NY.GDP.MKTP.KD.ZG,Jamaica,JAM,4.2005351147029,0.87870354796236,0.689822357374339,0.92148712538031,1.37522306445538,0.997123062335191,1.88992368121086,0.892291653822227,-9.92032245054413,4.60142450033383,5.22151985159613,2.20006147233049
GDP growth (annual %),NY.GDP.MKTP.KD.ZG,Japan,JPN,4.84092905745234,2.76464755143648,0.296205514142628,1.56062669674904,0.753826745903538,1.67533175166503,0.643391023460339,-0.402169200910933,-4.14711889947692,2.55932023865617,0.954736937781391,1.92305553064716
GDP growth (annual %),NY.GDP.MKTP.KD.ZG,Jordan,JOR,-0.275903906110926,4.24571192079179,3.38407809933472,2.49652879315188,1.9941808493012,2.47359815449045,1.91907263610851,1.75123905880616,-1.10275188309046,3.65564191030398,2.42807330466898,2.61548743021307
GDP growth (annual %),NY.GDP.MKTP.KD.ZG,Kazakhstan,KAZ,..,9.80000000214156,4.20000000566705,1.20000000053288,1.09999999910173,4.10000000257358,4.09999999309841,4.50000000091883,-2.49999999628,4.29999999729456,3.19999999970734,5.09999999973641
GDP growth (annual %),NY.GDP.MKTP.KD.ZG,Kenya,KEN,4.19205097155167,0.599695390807426,5.02011100232484,4.96772112759767,4.21351706814744,3.83795817364721,5.64794640709219,5.11415885767801,-0.272766327438816,7.59048947333467,4.8466348557707,5.42581615130304
GDP growth (annual %),NY.GDP.MKTP.KD.ZG,Kiribati,KIR,-5.92105263157895,6.77966101694916,1.28755364806867,11.4406779661017,7.22433460076046,3.54609929078013,3.42465753424656,3.31125827814569,-0.641025641025635,8.70967741935485,3.85756676557864,4.28571428571429
GDP growth (annual %),NY.GDP.MKTP.KD.ZG,"Korea, Dem. People's Rep.",PRK,..,..,..,..,..,..,..,..,..,..,..,..
GDP growth (annual %),NY.GDP.MKTP.KD.ZG,"Korea, Rep.",KOR,9.8775525016936,9.06083332508534,3.2024537945736,2.80910326824133,2.94688171508626,3.15963574012777,2.90740377377135,2.24397786011012,-0.709415359397681,4.30473481906969,2.61267219187226,1.35673324311098
GDP growth (annual %),NY.GDP.MKTP.KD.ZG,Kosovo,XKX,..,..,3.34880478431623,5.91623128345211,5.57177504731632,4.82565565298054,3.40663227056285,4.75680057007834,-5.34027547826166,10.7456560819583,4.27849850808495,3.3378946993315
GDP growth (annual %),NY.GDP.MKTP.KD.ZG,Kuwait,KWT,-26.2288925217359,4.69458187079211,0.500917355735012,0.592771759399795,2.92607626136771,-4.71222376490107,2.43397893916128,1.38146367984326,-5.27402060452467,1.69762482979576,6.13825278548057,-2.23009346286686
GDP growth (annual %),NY.GDP.MKTP.KD.ZG,Kyrgyz Republic,KGZ,5.70279663311726,5.44333663288322,4.02403863083252,3.87582544512439,4.33585592190116,4.73993722377884,3.75791013557165,4.60062565707598,-7.14897757727955,5.50700762671923,8.96750520041391,6.15139183716032
GDP growth (annual %),NY.GDP.MKTP.KD.ZG,Lao PDR,LAO,6.70457869081514,5.79878232861959,7.61196343979319,7.27006584373785,7.02283625501138,6.8925308726989,6.24796000755872,5.4577350924848,0.503031829018681,2.52835100486102,2.70742652643155,3.74568140158232
GDP growth (annual %),NY.GDP.MKTP.KD.ZG,Latvia,LVA,..,5.67574131186166,1.90217268380506,3.88526005426763,2.36861474664423,3.31247593587459,3.99051924069269,0.587502383494098,-3.51380284197906,6.73173527824665,2.95473177143623,-0.2825395584007
GDP growth (annual %),NY.GDP.MKTP.KD.ZG,Lebanon,LBN,26.5331600932491,1.34187161970405,2.48406010500743,0.462320792597581,1.55454940856943,0.903028464073813,-1.88470575631651,-6.91492472851026,-21.3998996914321,-7.00123862514116,-0.621678970663112,-0.150115204985752
GDP growth (annual %),NY.GDP.MKTP.KD.ZG,Lesotho,LSO,6.04547332943442,3.87554677576694,1.71054990545476,3.12406678044546,3.60890731687714,-3.13817493733471,-1.48063315848241,-1.41799383085205,-7.4587170594629,1.85267852107842,1.28550412458897,0.898149777798736
GDP growth (annual %),NY.GDP.MKTP.KD.ZG,Liberia,LBR,-51.0308649505917,28.6159333495884,0.701393100287518,-0.0185649695590939,-1.5549586174878,2.45515592012239,1.15757512207355,-2.46729763532686,-2.98249127649473,4.98671283481617,4.80810517290655,4.71102538380681
GDP growth (annual %),NY.GDP.MKTP.KD.ZG,Libya,LBY,3.72013163460873,3.6792704082,-23.0428058282215,-0.842656252118843,-1.4909411172622,32.4918021862688,7.9413678529104,-5.99478394324689,-58.318230419936,153.492640693078,1.33614809684626,-1.67258994589184
GDP growth (annual %),NY.GDP.MKTP.KD.ZG,Liechtenstein,LIE,2.25287096905899,3.22019308239609,..,..,..,..,..,..,..,..,..,..
GDP growth (annual %),NY.GDP.MKTP.KD.ZG,Lithuania,LTU,..,3.69552542107776,3.53700987901611,2.02458395469182,2.51882827307178,4.28259695120761,3.99331032795327,4.6656783812234,-0.0246124952916773,6.28471003860921,2.44017546498974,-0.336086244470295
GDP growth (annual %),NY.GDP.MKTP.KD.ZG,Luxembourg,LUX,5.31993112733795,6.93813024939334,2.62308601577192,2.26978448419565,4.97819043681629,1.31718766293677,1.21932191856359,2.9158479150005,-0.909829798886719,7.16840198697749,1.38018589083207,-1.09572361576994
GDP growth (annual %),NY.GDP.MKTP.KD.ZG,"Macao SAR, China",MAC,7.98031435074297,5.74661120275405,-2.04830363415093,-21.5144021947741,-0.679023626830443,9.8600273155359,6.40517849433957,-2.56352273205944,-54.3358756393687,23.5355669383932,-21.4019505820285,80.5342159956893
GDP growth (annual %),NY.GDP.MKTP.KD.ZG,Madagascar,MDG,3.12890505042525,4.45685893956946,3.33920311195367,3.13229807490305,3.99314606199499,3.93330759462793,3.19435651744398,4.41123212909589,-7.13767162064489,5.73961573854336,3.79619908930115,3.9853710126696
GDP growth (annual %),NY.GDP.MKTP.KD.ZG,Malawi,MWI,5.69229463404044,1.57607762407666,5.62526999979218,2.80000000125504,2.4999999990207,4.00000000038216,4.39168829609886,5.44818133617287,0.799998330902724,2.75140260887528,0.923449719368733,1.53964171231864
GDP growth (annual %),NY.GDP.MKTP.KD.ZG,Malaysia,MYS,9.00852713774628,8.85886816969386,6.00672194558203,5.09153242155011,4.44978139761541,5.81272240983328,4.84308697634881,4.41318742129586,-5.45684658426701,3.29764100831838,8.65034422372288,3.68028218563347
GDP growth (annual %),NY.GDP.MKTP.KD.ZG,Maldives,MDV,16.952297457744,3.84581023205122,7.80109480695134,3.97171570327362,6.57223606622583,7.05453901381581,8.66800624215867,7.29833574515027,-32.9088287752921,37.6871922873131,13.9066763800888,3.97279584640151
GDP growth (annual %),NY.GDP.MKTP.KD.ZG,Mali,MLI,-2.50239510347761,-0.0608349718131223,7.08468388056527,6.17180002424978,5.85229919941415,5.30545608438166,4.74648432724561,4.75616080770808,-1.235450447077,3.05261356942125,3.47495171106735,5.23657752778519
GDP growth (annual %),NY.GDP.MKTP.KD.ZG,Malta,MLT,6.29139095831171,19.6812693767412,7.6335384644276,9.6081323482308,3.38145047586738,10.8692692319326,7.41626982344488,7.1242612165712,-8.15677876534716,12.5139471706304,8.07553911825327,5.61392778297829
GDP growth (annual %),NY.GDP.MKTP.KD.ZG,Marshall Islands,MHL,2.67624646445803,2.45442785042576,-1.15756789045956,2.10051933296636,2.14429110392376,3.73379823757942,5.65921056406313,10.3578294514594,-2.84598166138942,1.11230090181571,-0.675525738649768,3.22599899400625
GDP growth (annual %),NY.GDP.MKTP.KD.ZG,Mauritania,MRT,-1.7713045332743,-3.91802587923293,4.274823293079,5.37633923694936,1.2609092171336,6.27054567904293,4.77217367297298,3.14100486953089,-0.360657378942108,0.742715499632851,6.38702309577425,3.38355519096352
GDP growth (annual %),NY.GDP.MKTP.KD.ZG,Mauritius,MUS,7.18673677111485,8.20279174865273,3.82696982009337,3.69055690369433,3.8624682634,3.93798380632353,4.00674057198549,2.89128499346516,-14.5465381490166,3.40379866177662,8.87988518971193,6.95228798595431
GDP growth (annual %),NY.GDP.MKTP.KD.ZG,Mexico,MEX,5.25004329944582,5.02928399378261,2.50376350288664,2.70232342550646,1.77249323845399,1.87172853327193,1.97208209405635,-0.251335754924085,-8.62455573080136,5.73920833768318,3.94899999903839,3.22873675559163
GDP growth (annual %),NY.GDP.MKTP.KD.ZG,"Micronesia, Fed. Sts.",FSM,3.74092685650476,4.83390378617111,-2.30577574529325,4.62188400404939,0.484101802387045,0.823045267489704,0,4.08163265306123,-1.9607843137255,2.8,-0.778210116731515,0.784313725490193
GDP growth (annual %),NY.GDP.MKTP.KD.ZG,Moldova,MDA,..,2.10771608200733,4.99962585407656,-0.338235622387202,4.64601436259409,4.17561205106279,4.07559546585034,3.5523140853476,-8.27597831976949,13.9299997889786,-5.01548231924089,0.78324270969388
GDP growth (annual %),NY.GDP.MKTP.KD.ZG,Monaco,MCO,2.64345417053948,3.91022917641209,7.18702789807635,4.8634732114333,2.96410458593932,-3.04412148638065,5.78034682080926,7.08346061161458,-13.0110935023772,21.8673711058481,11.0968262747971,..
GDP growth (annual %),NY.GDP.MKTP.KD.ZG,Mongolia,MNG,-3.18446017825207,1.14606213709108,7.88522548204762,2.37983580731722,1.48978448679577,5.63687638694772,7.74488062024881,5.60224422064255,-4.55775197583431,1.63676957736662,5.0327096366527,7.02299187499851
GDP growth (annual %),NY.GDP.MKTP.KD.ZG,Montenegro,MNE,..,3.10000005928039,1.78369858106701,3.39038139712073,2.94928032097511,4.71646527572034,5.0778888113381,4.06294499167197,-15.3068937570407,13.0434642521552,6.40668032879275,5.98190321595602
GDP growth (annual %),NY.GDP.MKTP.KD.ZG,Morocco,MAR,3.41181222631384,2.58218091499747,2.7192440802029,4.34458297635238,0.52118550608968,5.05789816173446,3.06564133025955,2.89097476137077,-7.17820744246774,8.02098437000988,1.25854398420971,3.17794683511849
GDP growth (annual %),NY.GDP.MKTP.KD.ZG,Mozambique,MOZ,0.999992834742287,0.766234955773442,7.70256844839309,7.3930936986377,4.69699024225795,2.63820737310658,3.48493202378488,2.3178139469445,-1.21952250306097,2.37743573747173,4.35980020115213,5.00002417303148
GDP growth (annual %),NY.GDP.MKTP.KD.ZG,Myanmar,MMR,2.81693327329158,13.7459305561226,8.16990745558277,6.99284029026121,5.86247291518572,6.13610824360305,6.26886221471075,6.57911006765414,-9.04834717984643,-12.0163724829177,4.0374934360085,1.00223834289773
GDP growth (annual %),NY.GDP.MKTP.KD.ZG,Namibia,NAM,2.04745993989432,3.49218336365178,6.09251915977956,4.26417453763675,0.0337944502063294,-1.02725082701774,1.05994347072928,-0.839154686169735,-8.1014007457625,3.60382919248703,5.34966408559102,4.1599857377939
GDP growth (annual %),NY.GDP.MKTP.KD.ZG,Nauru,NRU,-2.81674697710234,-6.8561929490339,15.8415841584163,3.41880341880281,4.13223140495909,-6.34920634920609,-0.847457627118729,8.5470085470084,1.57480314960559,7.75193798449692,2.15827338129438,0.704225352112744
GDP growth (annual %),NY.GDP.MKTP.KD.ZG,Nepal,NPL,4.63503634691862,6.19999998192236,6.01148284250441,3.97605327162971,0.433113719381524,8.97727935643466,7.62237610397933,6.65705543110468,-2.3696206292072,4.838149614115,5.63131455871746,1.95254463264347
GDP growth (annual %),NY.GDP.MKTP.KD.ZG,Netherlands,NLD,4.18322298634072,4.1956424978691,1.42339539510084,1.95916972105708,2.19171371926123,2.91090251315005,2.36091509478513,1.95558841574046,-3.88608391819609,6.19185710427116,4.32891831787197,0.116008634532122
GDP growth (annual %),NY.GDP.MKTP.KD.ZG,New Caledonia,NCL,3.6000012717432,2.10010882688805,..,..,..,..,3.99570728203879,-1.40000000198451,-2.40000000064407,-2.09999999762849,3.49999999631376,..
GDP growth (annual %),NY.GDP.MKTP.KD.ZG,New Zealand,NZL,0.153130944080715,2.87059022192307,3.75431941509395,3.73403577291154,3.74831145236631,3.39728250444887,3.49949703045593,2.36196217785604,-0.424906457573115,4.54624763852878,2.7748426484212,0.632242361629224
GDP growth (annual %),NY.GDP.MKTP.KD.ZG,Nicaragua,NIC,-0.0524997212688305,4.10159025073438,4.78584705943099,4.79270223158466,4.56292760915053,4.63138368138509,-3.3637057173864,-2.89648807769926,-1.75538036103812,10.3154484052751,3.75228475736668,4.56973233333842
GDP growth (annual %),NY.GDP.MKTP.KD.ZG,Niger,NER,-1.30847828481959,-1.20847774100575,6.64213665495603,4.39264883207291,5.74089315058157,5.00536078615544,7.21141802762897,5.93985257123522,3.55064109436891,1.38359636198477,11.9000000000277,2.49999999999999
GDP growth (annual %),NY.GDP.MKTP.KD.ZG,Nigeria,NGA,11.7768859342069,5.01593475931159,6.30971865525467,2.65269329543003,-1.61686894906529,0.80588661910221,1.92275734200651,2.20842927714881,-1.79425308274458,3.64718654072446,3.25168140827093,2.86021499108364
GDP growth (annual %),NY.GDP.MKTP.KD.ZG,North Macedonia,MKD,..,4.54913578288874,3.62912351276373,3.85586514041738,2.84820519363306,1.08177273813243,2.88059670964267,3.91041953840173,-4.68845000956652,4.51067949038222,2.22170527084103,1.0274151354263
GDP growth (annual %),NY.GDP.MKTP.KD.ZG,Northern Mariana Islands,MNP,..,..,4.177545691906,3.38345864661653,29.2121212121212,23.1707317073171,-19.2688499619193,-11.3207547169811,-29.6808510638298,..,..,..
GDP growth (annual %),NY.GDP.MKTP.KD.ZG,Norway,NOR,1.93229132787364,3.31894567098156,2.04813199855084,1.85733972643303,1.16472423497285,2.46374628510146,0.828900664137592,1.12377787436797,-1.2781717845226,3.90868677689417,3.00563516076298,0.514118226595343
GDP growth (annual %),NY.GDP.MKTP.KD.ZG,Oman,OMN,-0.130425738129333,6.55106688508485,1.29225229411081,5.01705799719045,5.04642394571691,0.304057565922449,1.28710391543288,-1.1287110618463,-3.37971439992238,3.09227668737446,4.31125350906991,1.29999999999998
GDP growth (annual %),NY.GDP.MKTP.KD.ZG,Pakistan,PAK,4.45858681509836,4.2600880111325,4.11642817161422,4.21794209572506,6.57383828511043,4.43262590683975,6.15170261099519,2.49763692943365,-1.27408744338709,6.51388575852702,4.767539530847,-0.00485526939898762
GDP growth (annual %),NY.GDP.MKTP.KD.ZG,Palau,PLW,5.43650681834447,-2.60390209580014,5.2944551398963,9.74841343438212,0.882451194361991,-3.53960966207958,0.633500456681062,0.909470287297864,-7.56802122871169,-14.1640511125218,-0.362288565445908,0.448430493273634
GDP growth (annual %),NY.GDP.MKTP.KD.ZG,Panama,PAN,8.09899300573215,2.71537380193523,5.06642233879558,5.73305430915852,4.9532114714853,5.59114887414709,3.68542981594908,3.28187497706709,-17.6683327218533,15.835765045402,10.8093661181786,7.31677741654941
GDP growth (annual %),NY.GDP.MKTP.KD.ZG,Papua New Guinea,PNG,-3.01216922181256,-2.49484199260023,13.5437706216546,6.57835632304275,5.48957315278187,3.53461081750459,-0.279252284959952,4.48043062171888,-3.16738117629639,-0.780328729320829,5.16505132632446,2.68101048379781
GDP growth (annual %),NY.GDP.MKTP.KD.ZG,Paraguay,PRY,4.12328287941739,-2.31414056819045,5.30123859237025,2.95715173487106,4.26802583314583,4.81007885554041,3.20425034076639,-0.40185510068001,-0.819785390971916,4.01673731780312,0.176038366132886,4.71412407945468
GDP growth (annual %),NY.GDP.MKTP.KD.ZG,Peru,PER,-4.98256353646605,2.69437139806912,2.38215737180541,3.25224477218451,3.95331871520767,2.51883544233135,3.969351341365,2.24063176875049,-10.9333065010382,13.3552295093079,2.72550021563363,-0.55018230632048
GDP growth (annual %),NY.GDP.MKTP.KD.ZG,Philippines,PHL,3.08267252855887,4.38250483347254,6.34798748029741,6.34830971539886,7.14945675286656,6.93098832521765,6.34148557098946,6.11852566118505,-9.5182947406494,5.71473313426225,7.58098212785563,5.54585117087767
GDP growth (annual %),NY.GDP.MKTP.KD.ZG,Poland,POL,..,4.56098540978283,3.83695849351797,4.38329863507276,2.95350884167718,5.14001757409446,5.94520847705498,4.44998787878788,-2.02007073357655,6.93498038387065,5.63756676578897,0.160586011025046
GDP growth (annual %),NY.GDP.MKTP.KD.ZG,Portugal,PRT,3.95052276325154,3.81617806346979,0.792190301875365,1.79204604555983,2.01948539561312,3.5063452848124,2.84932593436179,2.68275992118076,-8.3005165411776,5.73743721854339,6.82751087594069,2.26125478073125
GDP growth (annual %),NY.GDP.MKTP.KD.ZG,Puerto Rico,PRI,-2.84054072620241,3.27196452862317,-1.19036345385338,-1.04929003238674,-1.26369434781117,-2.88521838398481,-4.36142703162535,1.67546379498209,-4.1808743093346,0.385222719529239,3.56811024720668,0.563519426800866
GDP growth (annual %),NY.GDP.MKTP.KD.ZG,Qatar,QAT,3.41446208137606,8.02812548290528,5.33432329196459,4.75334572438737,3.06419188430156,-1.49760470227838,1.23487220191065,0.688240954592672,-3.5576039896784,1.62684671918775,4.20887124812552,..
GDP growth (annual %),NY.GDP.MKTP.KD.ZG,Romania,ROU,..,2.4612634592269,4.12067496319813,3.16050387041089,2.8575460568877,8.19650650309624,6.02901904128214,3.85316383348211,-3.67751079121797,5.70889455766321,4.10702720241547,2.14847699574527
GDP growth (annual %),NY.GDP.MKTP.KD.ZG,Russian Federation,RUS,-2.99999564243126,10.0000668136515,0.736267221765672,-1.97271922580408,0.193690071260534,1.82579006401834,2.80724541059601,2.19807571335009,-2.65365450102773,5.61429037578345,-2.06971152527731,3.60000000000001
GDP growth (annual %),NY.GDP.MKTP.KD.ZG,Rwanda,RWA,-2.39929109757919,8.3708851319076,6.16716027348659,8.85686468710109,5.97074118840038,3.9181656502967,8.51646830600681,9.44739158975898,-3.37369377003786,10.8579671876279,8.15773440296567,8.24128696506683
GDP growth (annual %),NY.GDP.MKTP.KD.ZG,Samoa,WSM,-4.42145094556248,5.09304469244418,0.659923768782861,3.8503618166494,7.9838628784713,1.40628239971301,-0.609647103380141,4.45185891688691,-3.10844401053139,-7.07883094291508,-5.30629089966979,7.99198264387498
GDP growth (annual %),NY.GDP.MKTP.KD.ZG,San Marino,SMR,..,2.17937971500419,-0.702370500438988,2.29150556145005,2.34440586406082,0.258265466508817,1.49390531809983,2.06568514501689,-6.64791081891327,8.46307184428878,..,..
GDP growth (annual %),NY.GDP.MKTP.KD.ZG,Sao Tome and Principe,STP,-2.15264574669987,0.448368349123342,4.90620987261865,1.53969216893665,5.17682174955398,4.11296860682981,4.37813939939196,2.01431934293439,2.62485949543812,1.89929891337832,0.0652824380846795,-0.4744429516048
GDP growth (annual %),NY.GDP.MKTP.KD.ZG,Saudi Arabia,SAU,15.1934980199072,5.62541316747544,3.81142279142699,4.5090590631757,1.88449273567737,0.911048655580274,3.19922678028009,1.09773374954092,-3.58153486307663,5.07511034987979,7.48598429134137,-0.754914810584665
GDP growth (annual %),NY.GDP.MKTP.KD.ZG,Senegal,SEN,-0.746282224252312,3.88721095816793,6.22407443790986,6.36704365066983,6.35606857181878,7.4074861863013,6.20924103389086,4.61362809749708,1.3420737726679,6.54400109937833,3.82185605131144,3.69999636052071
GDP growth (annual %),NY.GDP.MKTP.KD.ZG,Serbia,SRB,..,6.13181308953254,-1.58951031990257,1.80605926509682,3.33858676542988,2.10116384741241,4.4951212927627,4.33173490608283,-0.903218501520755,7.72594777674031,2.54995557013696,2.52779333573876
GDP growth (annual %),NY.GDP.MKTP.KD.ZG,Seychelles,SYC,7.45476631934072,4.25319834931828,4.0636918123521,8.9140088750469,12.1175272453913,6.95416218794271,4.93947272254312,5.5142920737342,-11.7398608281732,0.552281631207279,14.9768513322959,3.16171435490999
GDP growth (annual %),NY.GDP.MKTP.KD.ZG,Sierra Leone,SLE,3.34999798387716,6.6527296593931,4.55925353270443,-20.4910741068,6.34672785193587,3.75380321400363,3.47290262012461,5.25374631307365,-1.96848689118619,4.10470008884118,3.45753985565149,3.43082135607435
GDP growth (annual %),NY.GDP.MKTP.KD.ZG,Singapore,SGP,9.82089955731777,9.03831632555163,3.93554027709007,2.97679931634806,3.58864369582668,4.51292631770927,3.51711418509255,1.34505874082728,-3.86979893430043,9.69076687082064,3.83807678519807,1.07503175095101
GDP growth (annual %),NY.GDP.MKTP.KD.ZG,Sint Maarten (Dutch part),SXM,..,..,1.58038221539113,0.105813149997005,0.96775836306881,-7.53521399882428,-6.85698299227944,10.9650009352392,-13.3167887221567,4.57759677933345,9.80000111145777,3.40000000000001
GDP growth (annual %),NY.GDP.MKTP.KD.ZG,Slovak Republic,SVK,..,1.16652651824111,2.69718980707125,5.16718160614154,1.94395086102337,2.93806867784903,4.03038971425349,2.51125619776377,-3.32972320966405,4.77122142450317,1.87003619871018,1.59645497115139
GDP growth (annual %),NY.GDP.MKTP.KD.ZG,Slovenia,SVN,..,3.67237154968245,2.76815883065036,2.21008160650594,3.19185251782498,4.81538063231366,4.45436574721896,3.52267923999254,-4.24088372175214,8.22849988578498,2.46078331366104,1.58689938286867
GDP growth (annual %),NY.GDP.MKTP.KD.ZG,Solomon Islands,SLB,2.20000000014575,-14.2769995911798,1.18921747092358,1.67614615649777,5.55473153366954,3.07534803424636,2.74599542334096,1.74856655451832,-3.3811475409836,2.56434975416948,2.40248143622522,2.95008536339103
GDP growth (annual %),NY.GDP.MKTP.KD.ZG,Somalia,SOM,2.3269304857609,7.11031431127893,7.52639161132382,9.94679997938034,6.41857060528166,9.50728660651559,2.98901563159195,3.63039688238011,-2.56308758042714,3.31098923423325,2.43806527721611,3.1029619961507
GDP growth (annual %),NY.GDP.MKTP.KD.ZG,South Africa,ZAF,-0.317760426540374,4.20000000067826,1.41382645223793,1.32186223678229,0.664552307858116,1.15794695181735,1.55678384721676,0.25993557687633,-5.96335818439407,4.70306206485731,1.91040617007184,0.601662303103254
GDP growth (annual %),NY.GDP.MKTP.KD.ZG,South Sudan,SSD,..,..,3.37364847715736,-10.7933646271143,..,..,..,..,..,..,..,..
GDP growth (annual %),NY.GDP.MKTP.KD.ZG,Spain,ESP,3.78139355508462,5.24594382377803,1.39577536727975,3.83851887667484,3.03777414172446,2.97576072924863,2.28446941947622,1.9839662230883,-11.1672978596983,6.40317361484541,5.77064767618052,2.50329435985475
GDP growth (annual %),NY.GDP.MKTP.KD.ZG,Sri Lanka,LKA,6.39999531086634,6.00003315828934,6.37797889289399,4.2059554759927,5.05362489256818,6.4606812707036,2.31008425192161,-0.220483886072614,-4.62451581633715,4.20748597719036,-7.34676438378833,-2.29804511164436
GDP growth (annual %),NY.GDP.MKTP.KD.ZG,St. Kitts and Nevis,KNA,4.87725151603959,10.042808415173,7.36556170803422,0.694135527876625,3.93270319273282,0.220941147299996,2.00352549800972,2.83126737870639,-15.3544517590966,0.479678356753311,10.5228492759939,3.43115229343
GDP growth (annual %),NY.GDP.MKTP.KD.ZG,St. Lucia,LCA,9.89070153044158,0.0487485535201131,1.52067344396673,0.102115735124443,3.42786536845747,3.3796285677149,2.88677902171601,-0.653959999999998,-24.5044000000001,12.22991,18.07538,3.19000999999997
GDP growth (annual %),NY.GDP.MKTP.KD.ZG,St. Martin (French part),MAF,..,..,..,1,5,-8.00000324038295,-7.99999506898229,6.50000363700821,-12.500002246731,4.89999967133534,..,..
GDP growth (annual %),NY.GDP.MKTP.KD.ZG,St. Vincent and the Grenadines,VCT,4.14918682834306,1.63903190394467,1.25025436927181,2.78316119435202,4.14593168183934,1.44883063367161,3.1756114423991,0.661727443679865,-3.73914599187015,0.75379707990075,7.1598328657349,6.01610914506236
GDP growth (annual %),NY.GDP.MKTP.KD.ZG,Sudan,SDN,-5.47005377640816,6.34586743997545,4.66137954229873,1.91017689052751,3.46764218409288,0.70925628476644,-2.6809305497999,-2.17825104530091,-3.62980082410752,-1.8685204827207,-0.957816591119183,-12.0467791968043
GDP growth (annual %),NY.GDP.MKTP.KD.ZG,Suriname,SUR,-4.50000000054418,2.09999886750489,0.255503031645475,-3.41304268067621,-4.91166050905851,1.56603782534897,4.94827108468886,1.16758977233877,-15.9751917148622,-2.43538583612838,2.43372370900539,2.07545911217966
GDP growth (annual %),NY.GDP.MKTP.KD.ZG,Sweden,SWE,0.754674768666845,4.7663488714872,2.65779827531642,4.48928158790491,2.07059315052096,2.56792452526476,1.95002284569983,1.98619587380391,-2.17021317885872,6.14702464708019,2.66319953969133,-0.196170994604543
GDP growth (annual %),NY.GDP.MKTP.KD.ZG,Switzerland,CHE,3.67462559317617,3.95871971933516,2.34988127508626,1.64462768699285,2.0686896670996,1.36279955711416,2.86044579461633,1.14198232505277,-2.14173720650054,5.39188804141473,2.56832817834069,0.716066868695833
GDP growth (annual %),NY.GDP.MKTP.KD.ZG,Syrian Arab Republic,SYR,3.73955590233751,0.675642589410501,-10.310339909053,-4.179791613232,-6.4055907393619,-0.723281777470547,1.39317607830837,1.22070522070523,-0.182330467026262,1.29973808951831,..,..
GDP growth (annual %),NY.GDP.MKTP.KD.ZG,Tajikistan,TJK,-0.59999963133663,8.32432449473859,6.70000069016253,6.01930331771186,6.89999999999999,7.10000041864309,7.5999988895536,7.40000016310556,4.40000111553493,9.39999955037523,8.00000033846364,8.29999921651935
GDP growth (annual %),NY.GDP.MKTP.KD.ZG,Tanzania,TZA,7.04507164205384,4.52078463603256,6.73246186832483,6.16062877406682,6.86711619644551,6.76227716834148,5.46808181528009,5.79999999996723,1.99196460647855,4.32138429480482,4.56600576430955,5.18805639154843
GDP growth (annual %),NY.GDP.MKTP.KD.ZG,Thailand,THA,11.1671634446293,4.45524704335014,0.984468863619426,3.13404724911635,3.43515771692182,4.1776810321001,4.22287028746071,2.11455779628278,-6.05003846851622,1.56818176501186,2.46276934050356,1.88281746066315
GDP growth (annual %),NY.GDP.MKTP.KD.ZG,Timor-Leste,TLS,..,58.0781077761976,4.47249846569638,2.7972661120109,3.36817482791557,-3.1445700238548,-0.692800735541169,23.4120167614743,31.9619188685361,5.31553743115596,-20.5415867731785,-14.358356988559
GDP growth (annual %),NY.GDP.MKTP.KD.ZG,Togo,TGO,-0.243656134461673,-0.783479606390131,5.63324021651309,5.46803129300622,4.21489560918489,4.00813326162304,4.7950602703237,4.92292591685973,1.99215501870344,5.99087610392314,5.75954251521733,6.40792215636242
GDP growth (annual %),NY.GDP.MKTP.KD.ZG,Tonga,TON,-2.04409143521224,0.875990063008445,2.01870046039205,1.17188825589601,6.57100050107448,3.32243254438831,0.241227960275054,0.706483433860413,0.488645323313833,-2.66750617523127,-2.0115205630506,..
GDP growth (annual %),NY.GDP.MKTP.KD.ZG,Trinidad and Tobago,TTO,1.50916784295177,6.90135959072803,3.85363548289079,-0.777459952231411,-7.52713742248807,-4.80082842878679,-0.602464842311747,0.3612724057636,-9.07787689348437,-1.03742621022469,1.48223484044745,2.10324544981324
GDP growth (annual %),NY.GDP.MKTP.KD.ZG,Tunisia,TUN,7.94981943665461,4.7099729138049,3.09032803070775,0.967703108220121,1.11742594891074,2.23783867965943,2.62493010870395,1.58784665466504,-8.5918261797364,4.60518674330524,2.6039605888686,0.423648407741425
GDP growth (annual %),NY.GDP.MKTP.KD.ZG,Turkiye,TUR,9.26614667149323,6.93323970455904,4.9397151613658,6.08448690443663,3.32308420845746,7.50199748917491,3.01317990846508,0.81852593620826,1.85983969001542,11.4393847446421,5.53346926596379,4.5168665079849
GDP growth (annual %),NY.GDP.MKTP.KD.ZG,Turkmenistan,TKM,35.3845581084463,5.46906413252854,10.2999999705459,6.49999990951666,6.1999999664301,6.50000004682975,6.19999994137119,6.30000004226711,5.89999999999999,6.2,6.20000000000003,6.29999999999993
GDP growth (annual %),NY.GDP.MKTP.KD.ZG,Turks and Caicos Islands,TCA,..,..,8.71129658152685,11.3148341336331,7.25118054973062,-2.5,5.61059358355325,5.31092524837172,-26.782932872099,9.02549747146406,6.19999948551563,1.19999674543642
GDP growth (annual %),NY.GDP.MKTP.KD.ZG,Tuvalu,TUV,15.376,-0.970489205783323,0,10.4166666666667,5.66037735849056,2.44839285714286,1.38728384151602,13.8220984406966,-4.27493206901397,1.8041359113616,0.677309361438304,3.85280919517032
GDP growth (annual %),NY.GDP.MKTP.KD.ZG,Uganda,UGA,6.47414015255596,3.141907338187,5.10630732539796,5.18785986002466,4.78100029254482,3.13140551723596,6.30392378262997,6.43874503276439,2.95130642218098,3.53658034070898,4.58802192181773,5.23187410562045
GDP growth (annual %),NY.GDP.MKTP.KD.ZG,Ukraine,UKR,-6.34523512831163,5.90000000024899,-10.0788949840953,-9.7729872128676,2.44098194492067,2.35997228099491,3.48836234022659,3.19950386354134,-3.75280409994949,3.4456255827111,-28.7585905937644,5.3
GDP growth (annual %),NY.GDP.MKTP.KD.ZG,United Arab Emirates,ARE,18.3279855336406,10.852704215378,4.16569184064922,6.78677287656618,5.56149075979933,0.735068713941203,1.31391388153578,1.10834813453296,-4.95705243303316,4.35475529659919,7.85041812278786,3.40385720609487
GDP growth (annual %),NY.GDP.MKTP.KD.ZG,United Kingdom,GBR,0.733755495925308,4.31872705812104,3.19578246561922,2.2202583222271,1.9210634135702,2.65506966811928,1.40379208588568,1.64161099628876,-10.3599008187799,8.67490411442573,4.34522883436574,0.104017849159277
GDP growth (annual %),NY.GDP.MKTP.KD.ZG,United States,USA,1.8859655853434,4.07758575804293,2.52381981441982,2.94555045455233,1.81945147474293,2.45762230356996,2.96650507100425,2.46703756313913,-2.21346933290643,5.8002061284573,1.93549589483209,2.54270029878489
GDP growth (annual %),NY.GDP.MKTP.KD.ZG,Uruguay,URY,0.297348378681562,-1.92993063549235,3.23879122952364,0.370741257681345,1.68979815933486,1.74037649262446,0.164518266525505,0.928565543252915,-7.38009884092411,5.56189279343275,4.70725761465232,0.3674751756175
GDP growth (annual %),NY.GDP.MKTP.KD.ZG,Uzbekistan,UZB,1.60000000583702,3.83500000014033,6.87383844617584,7.21877350346286,5.9321508024275,4.39527463456371,5.87974286685132,5.98156194197318,1.99558508201379,7.40336813606621,5.66881705491629,5.98897580604036
GDP growth (annual %),NY.GDP.MKTP.KD.ZG,Vanuatu,VUT,11.6956997985937,5.92480905652914,3.13686729438693,0.366522075389213,4.68875636558563,6.31730538443077,2.90023027256446,3.24118765540442,-4.99249142889525,-1.55229489129462,1.9160570121628,2.21294177094788
GDP growth (annual %),NY.GDP.MKTP.KD.ZG,"Venezuela, RB",VEN,6.46794085305808,3.68694416687683,-3.89438647450662,..,..,..,..,..,..,..,..,..
GDP growth (annual %),NY.GDP.MKTP.KD.ZG,Viet Nam,VNM,5.10091813908369,6.78731640463151,6.42224312118567,6.98715430598611,6.69000892660424,6.94019037359206,7.46500685572751,7.35926270105006,2.86541320912272,2.55372852648131,8.12351446767343,5.04643073618749
GDP growth (annual %),NY.GDP.MKTP.KD.ZG,Virgin Islands (U.S.),VIR,..,..,-1.77453027139875,-0.425079702444208,1.6008537886873,-0.735294117647058,1.9047619047619,2.93354101765317,-1.91677175283733,2.85420416559528,..,..
GDP growth (annual %),NY.GDP.MKTP.KD.ZG,West Bank and Gaza,PSE,..,-8.55618329065622,-0.157866650855297,3.72129967114788,8.86461881995935,1.41936756294787,1.22707737782703,1.36268746558062,-11.3184661065134,7.01198227592003,4.08276027347105,-5.50879437160218
GDP growth (annual %),NY.GDP.MKTP.KD.ZG,"Yemen, Rep.",YEM,..,6.1819155928913,-0.188690232450909,-27.9945462536875,-9.37512381761694,-5.07179563883867,0.752447587579127,..,..,..,..,..
GDP growth (annual %),NY.GDP.MKTP.KD.ZG,Zambia,ZMB,-0.481072027781664,3.89732294341896,4.6932831842595,2.92037511217961,3.75510031796023,3.52586277033151,4.03449389667165,1.44130602603785,-2.78505506545167,6.23492204726448,5.24962232294098,5.83247413510912
GDP growth (annual %),NY.GDP.MKTP.KD.ZG,Zimbabwe,ZWE,6.98855293253524,-3.05918974918634,1.48454262162193,2.02364999592871,0.900955396308504,4.08026390333053,5.00986678330221,-6.33244640703352,-7.81695064681365,8.46801689759531,6.52237533035446,4.95578170349711
GDP growth (annual %),NY.GDP.MKTP.KD.ZG,Africa Eastern and Southern,AFE,0.182030898765092,3.21980299445006,3.98318178416663,3.01157198178016,2.18358078096774,2.65139974202668,2.681718104162,2.18925928385238,-2.78037855183037,4.49737998264359,3.55442232938942,2.62231040700607
GDP growth (annual %),NY.GDP.MKTP.KD.ZG,Africa Western and Central,AFW,5.7738278776513,3.85976026327238,5.92558281954024,2.81397900746174,0.141488617696979,2.28496137040275,2.8426450027327,3.22202851816454,-1.00441739370378,3.99485439730636,3.78448567787606,3.342775594008
GDP growth (annual %),NY.GDP.MKTP.KD.ZG,Arab World,ARB,9.51664431166772,6.59810073069697,2.38370544220714,3.38756030711494,3.60944655086158,1.51128390704507,2.62315703654876,1.67111088873453,-5.40097921653559,5.11664702876513,5.79310898501694,0.929791980463165
GDP growth (annual %),NY.GDP.MKTP.KD.ZG,Caribbean small states,CSS,-0.872625886385507,3.65896099193061,1.76382445945195,0.697970065643204,0.471963597496924,1.94326028621741,2.89116347683975,1.02465322343599,-9.19346279301007,10.4440323505071,22.4782173424467,12.7158562820673
GDP growth (annual %),NY.GDP.MKTP.KD.ZG,Central Europe and the Baltics,CEB,..,3.95685838323978,3.21575278337589,4.02632209202108,2.75319275014614,5.10127396652673,4.94640018271339,3.9085218171802,-3.41747603978885,6.43339870687696,4.24707312691251,0.51170304534574
GDP growth (annual %),NY.GDP.MKTP.KD.ZG,Early-demographic dividend,EAR,5.4506732282335,4.42817826606418,4.12078257925093,4.41361300636396,4.41966409712553,4.63286787788033,3.84020966703507,2.40227091068415,-4.36828773942047,7.62136441675763,5.58275972830057,4.04377851336299
GDP growth (annual %),NY.GDP.MKTP.KD.ZG,East Asia & Pacific,EAS,5.0674528500636,5.39624142845965,4.75870428385916,4.72838604064856,4.65907989167708,5.05317448248172,4.75915481378036,3.96022191431953,-0.144692822272788,6.22113626390231,2.88602957954218,4.09517860393542
GDP growth (annual %),NY.GDP.MKTP.KD.ZG,East Asia & Pacific (excluding high income),EAP,5.15177457936113,7.64657808569183,6.98433194373405,6.70715877038926,6.56471186911298,6.70769640336609,6.52499175086044,5.78189180012092,1.24692683762466,7.6037497078342,3.4136178694246,5.0685221367111
GDP growth (annual %),NY.GDP.MKTP.KD.ZG,East Asia & Pacific (IDA & IBRD countries),TEA,5.15108443193608,7.64568723763301,6.98434973711566,6.70720095585359,6.56457371022981,6.70740565027259,6.52484260710393,5.78182085585361,1.24678181948381,7.60341969056822,3.41356550854972,5.06844554937926
GDP growth (annual %),NY.GDP.MKTP.KD.ZG,Euro area,EMU,3.60365540752051,3.86117819418781,1.39827851322596,2.05440886774875,1.86578632128172,2.62860957024191,1.78893526039165,1.59042607022333,-6.11006917047806,5.96333641598549,3.42612123895196,0.446837045901333
GDP growth (annual %),NY.GDP.MKTP.KD.ZG,Europe & Central Asia,ECS,2.29372336645055,4.35525178046257,1.9266003728028,2.05814704487193,1.89982163138356,2.90872250204242,2.13444056000745,1.80525623034259,-5.46244371164973,6.52385192111227,3.1574986641604,0.964032941751626
GDP growth (annual %),NY.GDP.MKTP.KD.ZG,Europe & Central Asia (excluding high income),ECA,2.757344053857,6.7788147387722,3.37291324377567,3.58755229325712,2.78533413629492,5.82147037918305,3.5134921058027,2.24722492786316,0.321073682012468,9.00036510298978,3.07761568064204,4.60658952923629
GDP growth (annual %),NY.GDP.MKTP.KD.ZG,Europe & Central Asia (IDA & IBRD countries),TEC,-1.45649571990022,7.3597057575905,2.33777127305463,1.48815723386977,1.8525064629824,4.29253214633275,3.69471936803782,2.65714284041665,-1.46289536902678,7.38646816523473,1.767977505166,3.44498020551657
GDP growth (annual %),NY.GDP.MKTP.KD.ZG,European Union,EUU,3.30500935229294,3.90052515626455,1.60065250159793,2.30937774489288,1.97230777572166,2.84476536928575,2.06690196954229,1.80531197138112,-5.65285689951504,6.00872929242561,3.47865373531921,0.450652377532009
GDP growth (annual %),NY.GDP.MKTP.KD.ZG,Fragile and conflict affected situations,FCS,5.1659690535886,5.46385413929053,2.09628835920795,1.07053760946113,2.16715558337388,2.5433347260378,2.72015847064731,2.52349885724941,-6.35338636086037,4.56899423218869,1.46339696745459,1.63334399584217
GDP growth (annual %),NY.GDP.MKTP.KD.ZG,Heavily indebted poor countries (HIPC),HPC,-1.06316095865839,2.88899820735506,5.84589240559994,4.81618711096149,4.44296838242349,5.00347347755732,4.19327692653373,4.42098571652352,0.236251143945921,4.19513247848164,4.79636099899177,4.41181392961016
GDP growth (annual %),NY.GDP.MKTP.KD.ZG,High income,HIC,2.68273506426127,4.25907622324257,2.14176816474907,2.32552627513031,1.8330409085689,2.47631841025753,2.36999444408524,1.84582706522261,-3.91466926056484,5.58436815582274,2.64158610536653,1.64416034202537
GDP growth (annual %),NY.GDP.MKTP.KD.ZG,IBRD only,IBD,1.9459330844023,5.89156951859576,4.79272033851731,4.40453094782345,4.556621920217,5.24165035492059,4.93566542257315,3.98398105981119,-1.4012044301338,7.62848296591743,3.60168862458352,4.44755675822326
GDP growth (annual %),NY.GDP.MKTP.KD.ZG,IDA & IBRD total,IBT,2.12339119994593,5.72471537231318,4.84630868421317,4.32675343024576,4.45496451944589,5.14241842009486,4.89001452039271,3.97911905590745,-1.35543501142301,7.3866592647515,3.65354606149432,4.36322119501504
GDP growth (annual %),NY.GDP.MKTP.KD.ZG,IDA blend,IDB,6.51268693443538,3.78519851568653,5.60732495084059,3.74047100367629,2.08732977261732,2.55579179719419,3.84829204032468,2.77073135741783,-1.41574291758336,5.16429410899275,4.2154910324581,2.52625690149297
GDP growth (annual %),NY.GDP.MKTP.KD.ZG,IDA only,IDX,1.08238297321441,4.07564269142151,5.36332000691675,3.09222401192028,4.35951929288596,5.25609876832121,4.77750269786551,4.96526418580665,-0.237845290364675,3.78918249767899,4.39591712669399,3.99814825826024
GDP growth (annual %),NY.GDP.MKTP.KD.ZG,IDA total,IDA,3.8673360309712,3.93527237600155,5.48255060026422,3.4093581604758,3.24436380993644,3.94568182094559,4.33260077222062,3.91940910668558,-0.792994535212017,4.43321143726283,4.31029853089065,3.29631108462722
GDP growth (annual %),NY.GDP.MKTP.KD.ZG,Late-demographic dividend,LTE,0.220667895080624,6.98320832312544,5.22564526224352,4.69985991310828,4.47224849998537,5.3040139652947,5.42417140935139,4.65099889123917,0.199854474511071,7.44958400150686,3.17751274112695,4.18995021181885
GDP growth (annual %),NY.GDP.MKTP.KD.ZG,Latin America & Caribbean,LCN,-0.378314422456342,3.60996886651847,1.33653843601967,0.407853687760635,-0.334793597648641,1.88982523332568,1.57170629807004,0.718740959001579,-6.64924567289502,6.99679192745974,3.98793094722834,2.1530839544738
GDP growth (annual %),NY.GDP.MKTP.KD.ZG,Latin America & Caribbean (excluding high income),LAC,-0.468439358226647,3.62121284693681,1.29588598740295,0.292573684049671,-0.483657124690296,2.01747161889023,1.56534077715564,0.665471963458231,-6.54268614832709,6.8144664615359,3.87705264535334,2.15125654423696
GDP growth (annual %),NY.GDP.MKTP.KD.ZG,Latin America & the Caribbean (IDA & IBRD countries),TLA,-0.245684342559642,3.58362515246515,1.3983055506331,0.366253546005808,-0.336265482915195,1.99124100567356,1.67447248999935,0.71756735640038,-6.56698628427809,7.20083212845076,4.00758799340008,2.18032895637413
GDP growth (annual %),NY.GDP.MKTP.KD.ZG,Least developed countries: UN classification,LDC,0.0267443410360215,4.34724403765516,5.61540054823143,2.68376430305712,3.67436691389086,4.4781746559495,4.55790080139364,5.006065947411,-0.0670758300886263,2.77217553498012,4.63041795567753,3.71887838954078
GDP growth (annual %),NY.GDP.MKTP.KD.ZG,Low & middle income,LMY,3.1317045042826,5.53117578592854,5.15793176426354,4.73674282188232,4.76143528665678,5.33999436113504,4.99018331620759,4.08539765236236,-1.18968667762729,7.42454592562784,3.84902519217643,4.51907320890874
GDP growth (annual %),NY.GDP.MKTP.KD.ZG,Low income,LIC,-2.76313981998086,3.20270359570583,4.39079571471675,-0.569703594123567,2.02314722788806,3.0386972177858,3.41613589314854,4.23360610408281,0.344386863215163,2.06974668577082,3.73694196526743,3.00565474237618
GDP growth (annual %),NY.GDP.MKTP.KD.ZG,Lower middle income,LMC,5.12012745196095,4.20603550658569,6.11248428187641,5.93364859554006,5.69252436082304,5.45719053900649,5.43893672180079,4.05632316283419,-3.58530943059181,6.6513506094125,5.82230668120525,5.29164725590215
GDP growth (annual %),NY.GDP.MKTP.KD.ZG,Middle East & North Africa,MEA,10.2703787318476,6.76484790116207,2.83288241151803,2.69041730604347,4.35975377623123,1.95724359651095,2.26225934406503,1.37834963889598,-4.0232993723727,5.57289085590358,5.74836266642129,1.78003975349195
GDP growth (annual %),NY.GDP.MKTP.KD.ZG,Middle East & North Africa (excluding high income),MNA,10.9407688752476,6.0330601416733,1.82561996849616,0.722279033046206,5.40129282968478,3.12195637092995,1.81779376379079,1.11267383038005,-4.40283790910399,6.2212576875649,4.41129157016933,2.72709435668992
GDP growth (annual %),NY.GDP.MKTP.KD.ZG,Middle East & North Africa (IDA & IBRD countries),TMN,10.9407688752476,6.16747638466546,1.84459179536995,0.694157744765803,5.36784154459941,3.13894693829033,1.82359039045528,1.11023485004564,-4.33520481787215,6.21408909503336,4.41432161507474,2.80281277221705
GDP growth (annual %),NY.GDP.MKTP.KD.ZG,Middle income,MIC,3.25612607130796,5.57858620927492,5.17096472145889,4.82622585789547,4.80523435213247,5.37582661721801,5.01414838235708,4.08317549770597,-1.21272096176955,7.50621615842624,3.85059248991733,4.53956499396986
GDP growth (annual %),NY.GDP.MKTP.KD.ZG,North America,NAC,1.74443650977381,4.16197041719309,2.54944713665162,2.76110455782432,1.75741359164776,2.50284496236797,2.94789314183848,2.42273337667585,-2.43435524574377,5.76128554552649,2.07867367857624,2.42961669734257
GDP growth (annual %),NY.GDP.MKTP.KD.ZG,Not classified,INX,..,..,..,..,..,..,..,..,..,..,..,..
GDP growth (annual %),NY.GDP.MKTP.KD.ZG,OECD members,OED,2.93896628781762,4.09296291517127,2.17654278009316,2.50207436198141,1.85135632605748,2.58610547344898,2.34382863954504,1.79943732153873,-3.95334855901353,5.71465206139676,2.77835122172053,1.66653538565981
GDP growth (annual %),NY.GDP.MKTP.KD.ZG,Other small states,OSS,4.94270663099962,7.02144576039991,2.41518620047516,3.36494787653683,3.8912084246695,4.76330819546558,3.97088218742294,4.06419882121789,-5.71729190315421,6.58600635011335,4.54016837834456,2.47994745829881
GDP growth (annual %),NY.GDP.MKTP.KD.ZG,Pacific island small states,PSS,3.77617942629314,-1.68867990126606,3.6242973001453,3.77915708122441,3.78060733595218,4.0055017910708,2.76318012867718,1.21450022836216,-10.253068536481,-2.86796554332169,9.30839715412249,5.75845167953774
GDP growth (annual %),NY.GDP.MKTP.KD.ZG,Post-demographic dividend,PST,2.70721477632623,4.03497304143468,2.01147187513963,2.22438515938748,1.79792653657221,2.46508650194248,2.25056575504179,1.76860550874881,-4.12374881367236,5.4462382045962,2.41323295588988,1.68932084550499
GDP growth (annual %),NY.GDP.MKTP.KD.ZG,Pre-demographic dividend,PRE,8.33708867427652,5.57536205526692,5.09889732446534,3.27668118730691,2.39832550615502,1.61528366239847,2.58736314113949,3.30796457026474,-2.5612561140204,3.15426000013311,4.1405972463585,2.36676205045754
GDP growth (annual %),NY.GDP.MKTP.KD.ZG,Small states,SST,3.16522753970916,5.82320676634842,2.35187779170522,2.90217784638645,3.28151427764374,4.24285823264236,3.73297279210027,3.42548851149165,-6.48876819930217,6.78651457690746,7.68558409698899,4.53062456779701
GDP growth (annual %),NY.GDP.MKTP.KD.ZG,South Asia,SAS,5.39691526111415,4.1124498119147,6.84783789148651,7.25156162420913,7.77623550746786,6.50264099306672,6.33469355433985,3.92432284048063,-4.58269312944782,8.76382055037797,6.31221169170688,6.35285494018545
GDP growth (annual %),NY.GDP.MKTP.KD.ZG,South Asia (IDA & IBRD),TSA,5.39691526111415,4.1124498119147,6.84783789148651,7.25156162420913,7.77623550746786,6.50264099306671,6.33469355433986,3.92432284048058,-4.58269312944778,8.76382055037797,6.31221169170688,6.35285494018542
GDP growth (annual %),NY.GDP.MKTP.KD.ZG,Sub-Saharan Africa,SSF,2.35410275167278,3.47812372745,4.87076021968717,2.92037388274863,1.24203717635054,2.48428328827049,2.75496705784244,2.65974505028328,-1.96689482692715,4.26493689249247,3.66056242275047,2.95509553212815
GDP growth (annual %),NY.GDP.MKTP.KD.ZG,Sub-Saharan Africa (excluding high income),SSA,2.3495209238733,3.47720428626275,4.87142051012202,2.91550805166536,1.23269348476937,2.48003006546067,2.75279768600289,2.65684995243198,-1.95670713533906,4.26842091333799,3.65032149552495,2.9548881148677
GDP growth (annual %),NY.GDP.MKTP.KD.ZG,Sub-Saharan Africa (IDA & IBRD countries),TSS,2.35410275167278,3.47812372745004,4.87076021968724,2.92037388274859,1.24203717635056,2.48428328827049,2.75496705784242,2.65974505028331,-1.96689482692716,4.26493689249247,3.66056242275047,2.95509553212815
GDP growth (annual %),NY.GDP.MKTP.KD.ZG,Upper middle income,UMC,2.71402600042062,5.9567870579618,4.93537340072191,4.5460130732363,4.57774212825512,5.35474335314655,4.9039689158439,4.09017583927643,-0.594393798185649,7.72230187446712,3.35715409317852,4.3462492754955
GDP growth (annual %),NY.GDP.MKTP.KD.ZG,World,WLD,2.76454112195917,4.53109478934492,3.1238699104826,3.12613558771201,2.82055728507049,3.46023911788984,3.28661298847919,2.64221643519321,-2.93204334405924,6.25985128447159,3.08960746444743,2.71933336640954
,,,,,,,,,,,,,,,
,,,,,,,,,,,,,,,
,,,,,,,,,,,,,,,
Data from database: World Development Indicators,,,,,,,,,,,,,,,
Last Updated: 06/28/2024,,,,,,,,,,,,,,,
